id,name,license_number,phone,email,specialization
1,Ethan Trivedi,3972562113,+915520136444,zinal86@example.net,License Renewal
2,Krishna Zacharia,7495224699,6303818661,vivaansrinivas@example.com,License Renewal
3,Ridhi Bhatia,3105460228,04261712687,caleb18@example.com,Transfer of Ownership
4,Eiravati Sane,9298482333,8293597668,dalalyashica@example.org,Transfer of Ownership
5,Mason Ram,6681854825,8073641805,aarini70@example.com,License Renewal
6,Yahvi Bala,7365433239,07107687839,emenon@example.com,Vehicle Registration
7,Jhalak Vasa,9673772898,8186035598,hnath@example.org,License Renewal
8,Ridhi Khurana,1154237943,06899501607,memonsachi@example.com,Vehicle Registration
9,Zaitra Chakraborty,5093382999,8015974550,pkashyap@example.net,Vehicle Registration
10,Hiral Sinha,1650517785,+910494816079,qchad@example.com,Transfer of Ownership
11,Robert Dass,9356301036,0311490857,cchaudhuri@example.net,Vehicle Registration
12,Tripti Khosla,9262477971,6687806324,morarganga@example.net,Vehicle Registration
13,Bina Mohanty,4182463832,+910778995348,fsood@example.net,Transfer of Ownership
14,Praneel Dhaliwal,8372207831,+910686302078,rushil02@example.com,License Renewal
15,Aditya Majumdar,2957495975,6256480682,ksekhon@example.net,Transfer of Ownership
16,Charvi Arya,5406142986,01627954586,simonratta@example.net,License Renewal
17,Anamika Gulati,6951651682,+915434445397,kchopra@example.net,License Renewal
18,Falan Dara,4519363604,00282682483,htank@example.com,Transfer of Ownership
19,Onveer Bahri,3240567406,+910303753809,sidhubanjeet@example.com,License Renewal
20,Rachit Palla,7919662552,2739709877,natheiravati@example.com,Vehicle Registration
21,Jeet Sridhar,6507624193,1639921599,vsaha@example.com,Transfer of Ownership
22,Yashodhara Ray,1693222053,02791410895,netrasaha@example.net,License Renewal
23,George Goswami,9571684207,+910246098195,rajdayita@example.org,Vehicle Registration
24,Panini Sidhu,8416910737,+915672939323,ramasneha@example.com,Transfer of Ownership
25,Benjamin Chaudhary,2515337344,02183395392,widisha47@example.net,Vehicle Registration
26,Nakul Prabhakar,2556406516,7657746392,karnikfrederick@example.com,Transfer of Ownership
27,Isaac Varghese,3239696349,+919167852417,npingle@example.net,License Renewal
28,Kamala Mall,7012865336,09740079214,urmidutt@example.net,Vehicle Registration
29,Urvashi Tripathi,3450378129,01747566010,devika92@example.org,Transfer of Ownership
30,David Khurana,7268749049,03897814452,nidhi28@example.org,License Renewal
31,Netra Raj,3089783119,+912850677265,chandranindrajit@example.org,Vehicle Registration
32,Ishwar Dhaliwal,1640996281,+913287872991,toortripti@example.org,Vehicle Registration
33,Wazir Chakraborty,5443747629,7800638736,uguha@example.com,Transfer of Ownership
34,Aditya Rege,3261035682,00108654338,xitisoman@example.org,Transfer of Ownership
35,Charvi Yohannan,5900782027,+918409331430,matthewpandit@example.net,Transfer of Ownership
36,Harrison Ram,1063328619,+914594755275,ppillai@example.net,Transfer of Ownership
37,Teerth Ram,5314314027,+911006149892,vansha55@example.org,License Renewal
38,Rachita Madan,5413203395,03379487422,pkrishna@example.com,Vehicle Registration
39,Ekansh Hayer,2454015149,08432232729,sunderwyatt@example.org,License Renewal
40,Janya Shroff,79497412,3998327021,surarachita@example.com,Vehicle Registration
41,Jasmit Mandal,3770859999,02742044125,harinakshi43@example.com,Transfer of Ownership
42,Yashodhara Krishnamurthy,8544889712,01461253989,bishakha68@example.org,Vehicle Registration
43,Aryan Rege,6183154681,9347015821,advaith73@example.com,License Renewal
44,Omaja Bhargava,2661392095,3180720061,pallayashasvi@example.com,License Renewal
45,Frado Ranganathan,2786018949,4451718031,cbawa@example.net,Transfer of Ownership
46,Azad Sani,613682640,1177929375,poojakaur@example.com,Vehicle Registration
47,Jairaj Korpal,4024721528,1983939484,mchoudhry@example.net,Vehicle Registration
48,Zaitra Verma,2350488208,1426326491,nimrat14@example.net,License Renewal
49,Mitali Khosla,337665896,09833851962,chatura94@example.com,Vehicle Registration
50,Nathan Dixit,2324322912,08902674069,elijah76@example.com,Vehicle Registration
51,Aachal Mishra,4518287516,+913253470253,bgulati@example.org,Vehicle Registration
52,Pavani Doctor,1843285436,0483919140,pahalchandran@example.com,Vehicle Registration
53,Adya Cherian,9449341451,+918870461418,avikonda@example.net,Transfer of Ownership
54,Hemani Mandal,195017124,09485856996,chaudhryupasna@example.net,Vehicle Registration
55,Pranav Raghavan,5803985473,2234849579,duppal@example.com,Vehicle Registration
56,Pratyush Chauhan,6709201455,06705789583,xmani@example.org,Transfer of Ownership
57,Yatin Bhargava,163392891,+910153644312,samaksh24@example.org,License Renewal
58,Chasmum Banerjee,866207692,+911590513937,waglejacob@example.net,Vehicle Registration
59,Hamsini Butala,3401791410,2736303439,hemani42@example.org,Vehicle Registration
60,Jacob Tiwari,3549872685,6996262966,qloke@example.org,Vehicle Registration
61,Jai Bhatti,2911399776,06887818140,nadkarnidarsh@example.org,Vehicle Registration
62,Ati Johal,4865762041,05556744539,ravalzaitra@example.net,License Renewal
63,Andrew Saha,6296337035,+914749819502,pgoda@example.net,Transfer of Ownership
64,Jagvi Sabharwal,166101895,01851185500,inayanarasimhan@example.net,Transfer of Ownership
65,Damyanti Aurora,7488699196,09183226246,reyanshdugar@example.org,Vehicle Registration
66,Omisha Anand,1970046370,+914833518378,siddharthchad@example.net,License Renewal
67,Xavier Sule,9466532970,+914306850236,ygade@example.com,Transfer of Ownership
68,Hamsini Chana,3643157793,09469539603,geetikasathe@example.org,License Renewal
69,Isha Lal,4579664568,5201874628,pooja08@example.com,Vehicle Registration
70,Nisha Kakar,1255687224,04020924136,maharajpraneel@example.com,Transfer of Ownership
71,Chakradhar Mukherjee,9527960418,+913991846763,danand@example.org,Vehicle Registration
72,Lopa Sahota,506021578,08940880236,bhagatjanuja@example.com,Vehicle Registration
73,Dayamai Koshy,5000895810,08329053673,ekhatri@example.org,Vehicle Registration
74,Elijah Bajwa,2262818923,01868346043,neel57@example.net,Vehicle Registration
75,Chakradhar Parekh,6100116505,07906780726,zsant@example.org,License Renewal
76,Leena Deep,6394944477,9395640630,mannanchristopher@example.net,License Renewal
77,Kalpit Chad,7322959048,+912424772465,lankanidra@example.org,Vehicle Registration
78,Vincent Chowdhury,5620555011,+913784228331,guptaabeer@example.com,Transfer of Ownership
79,Unni Pathak,4875515442,3560579624,dsani@example.net,Transfer of Ownership
80,Falan Magar,2872300957,+914707623311,alkadas@example.com,Vehicle Registration
81,Faris Bath,8624485849,6935867979,tripathizaid@example.net,Vehicle Registration
82,Brinda Mohan,7095380463,4943576104,george56@example.com,License Renewal
83,Gavin Buch,4686349324,3163669716,jmagar@example.net,Transfer of Ownership
84,Onkar Goyal,6544752927,+918278305077,dhruvviswanathan@example.org,Transfer of Ownership
85,Vasudha Pandya,1582157266,7619572242,peterdass@example.org,Transfer of Ownership
86,Raghav Contractor,485114901,1616674271,puriharish@example.net,License Renewal
87,Ekantika Sarkar,6961508624,8940024533,mohantyakshay@example.org,Vehicle Registration
88,Ryan Grover,2510782995,+913036717875,watika31@example.com,Vehicle Registration
89,Yashawini Bansal,8459017156,5475935072,bajwabaghyawati@example.com,Transfer of Ownership
90,Chakrika Borde,8914980111,+915763406113,reyanshparikh@example.org,Transfer of Ownership
91,Zayyan Banik,5128038569,2327286078,aradhanabrar@example.org,License Renewal
92,Ekbal Boase,9894923038,8074597845,viyer@example.com,Transfer of Ownership
93,Rachit Sarin,9210322031,03789914960,zarnaborra@example.org,Vehicle Registration
94,Thomas Dutt,8740090693,8525346609,mukherjeehardik@example.com,Vehicle Registration
95,Chameli Chaudhry,9876135602,07559688701,pathakyashasvi@example.net,License Renewal
96,Aadi Grover,361489376,3449956351,pooja01@example.net,License Renewal
97,Jalsa Khanna,6240562755,+919784966452,chandanigupta@example.org,Vehicle Registration
98,Abha Raman,1061447479,05574566579,dixityutika@example.net,Transfer of Ownership
99,Aishani Sundaram,9236766293,+918541295943,yghosh@example.org,License Renewal
100,Rishi Keer,4930417067,0791647691,sanghahamsini@example.net,Transfer of Ownership
